[{"model": "organization.organization", "pk": 28, "fields": {"public": false, "created": "2019-11-28", "updated": "2019-11-28", "code": "2d5044b9-b4f8-11e9-9f11-3497f6017ecd", "name": "\u041d\u0430\u0448\u0430 \u0444\u0438\u0440\u043c\u0430", "namefull": "\u041d\u0430\u0448\u0430 \u0444\u0438\u0440\u043c\u0430", "phone_registry": "", "phone_callcenter": "", "city": "", "address": "", "operating_mode": "", "site": "", "instagram": "", "instagram_tag": "", "image": "", "panorama": "", "map": ""}}, {"model": "organization.organization", "pk": 29, "fields": {"public": true, "created": "2019-11-28", "updated": "2019-11-28", "code": "f6c21697-7f66-11e8-ba7d-00155d460a02", "name": "\u0414\u0435\u0442\u0441\u043a\u0430\u044f \u043d\u0430 \u041b\u044f\u0445\u043e\u0432\u0430", "namefull": "\u0414\u0435\u0442\u0441\u043a\u0430\u044f \u043d\u0430 \u041b\u044f\u0445\u043e\u0432\u0430", "phone_registry": "", "phone_callcenter": "8 928 517-15-15", "city": "\u041c\u0430\u0445\u0430\u0447\u043a\u0430\u043b\u0430", "address": "\u0443\u043b. \u041b\u044f\u0445\u043e\u0432\u0430, 49", "operating_mode": "<p>\u043f\u043d-\u0441\u0431 \u2014 \u0441 08:30 \u0434\u043e 18:00<br></p>", "site": "https://celitel05.ru/", "instagram": "https://www.instagram.com/celitel05/", "instagram_tag": "celitel05", "image": "organizations/detskaia-polikli-29/detskaia-polikli-29.jpg", "panorama": "<iframe src=\"https://yandex.ru/map-widget/v1/-/CGdNZE0P\" width=\"100%\" height=\"650\" allowfullscreen=\"true\"></iframe>", "map": "<iframe src=\"https://yandex.ru/map-widget/v1/?um=constructor%3A6bc682b91369f24aa3cee54dd307871ebe771eb8fb2bccbfa45b231e613ff526&amp;source=constructor\" width=\"100%\" height=\"650\"></iframe>"}}, {"model": "organization.organization", "pk": 30, "fields": {"public": true, "created": "2019-11-28", "updated": "2019-11-28", "code": "4d2b3606-7f67-11e8-ba7d-00155d460a02", "name": "\u0414\u0435\u0440\u0431\u0435\u043d\u0442", "namefull": "\u0414\u0435\u0440\u0431\u0435\u043d\u0442", "phone_registry": "", "phone_callcenter": "8 928 517-15-15", "city": "\u0414\u0435\u0440\u0431\u0435\u043d\u0442", "address": "\u0443\u043b. \u0410\u0433\u0430\u0441\u0438\u0435\u0432\u0430, \u0434. 29\u0410", "operating_mode": "<p>\u043f\u043d-\u0441\u0431 \u2014 \u0441 08:00 \u0434\u043e 20:00</p><p>\u0432\u0441 \u2014 \u0441 08:00 \u0434\u043e 19:00</p>", "site": "https://celitel-derbent.ru/", "instagram": "https://www.instagram.com/celitel_derbent_/", "instagram_tag": "celitel_derbent_", "image": "organizations/ooo-tselitel-d-30/ooo-tselitel-d-30.jpg", "panorama": "", "map": "<iframe src=\"https://yandex.ru/map-widget/v1/?um=constructor%3A6bc682b91369f24aa3cee54dd307871ebe771eb8fb2bccbfa45b231e613ff526&amp;source=constructor\" width=\"100%\" height=\"650\"></iframe>"}}, {"model": "organization.organization", "pk": 31, "fields": {"public": true, "created": "2019-11-28", "updated": "2019-11-28", "code": "82d5add2-7f68-11e8-ba7d-00155d460a02", "name": "\u0414\u043e\u0432\u0435\u0440\u0438\u0435", "namefull": "\u0414\u043e\u0432\u0435\u0440\u0438\u0435", "phone_registry": "", "phone_callcenter": "8 928 517-15-15", "city": "\u041c\u0430\u0445\u0430\u0447\u043a\u0430\u043b\u0430", "address": "\u0443\u043b. \u0422\u0430\u0445\u043e-\u0413\u043e\u0434\u0438, 54\u0414", "operating_mode": "<p>\u043f\u043d-\u0441\u0431 \u2014 \u0441 08:00 \u0434\u043e 18:00<br></p>", "site": "https://celitel05.ru/", "instagram": "https://www.instagram.com/celitel05/", "instagram_tag": "celitel05", "image": "organizations/meditsinskii-tsen-31/meditsinskii-tsen-31.jpg", "panorama": "<iframe src=\"https://yandex.ru/map-widget/v1/-/CGdNRJk4\" width=\"100%\" height=\"650\" frameborder=\"1\" allowfullscreen=\"true\"></iframe>", "map": "<iframe src=\"https://yandex.ru/map-widget/v1/?um=constructor%3Ad089d5047f460c32b576c2bcb3721a2cda9376b38da701f781375b8080fcaa17&amp;source=constructor\" width=\"100%\" height=\"650\"></iframe>"}}, {"model": "organization.organization", "pk": 32, "fields": {"public": true, "created": "2019-11-28", "updated": "2019-11-28", "code": "9aa7da97-7f6a-11e8-ba7d-00155d460a02", "name": "\u0417\u0434\u043e\u0440\u043e\u0432\u044b\u0439 \u043c\u0430\u043b\u044b\u0448", "namefull": "\u0417\u0434\u043e\u0440\u043e\u0432\u044b\u0439 \u043c\u0430\u043b\u044b\u0448", "phone_registry": "", "phone_callcenter": "8 928 517-15-15", "city": "\u041c\u0430\u0445\u0430\u0447\u043a\u0430\u043b\u0430", "address": "\u0443\u043b. \u0410\u0441\u0438\u044f\u0442\u0438\u043b\u043e\u0432\u0430, 50", "operating_mode": "<p>\u043f\u043d-\u0441\u0431 \u2014 \u0441 08:30 \u0434\u043e 17:00</p><p>\u0441\u0431 \u2014 \u0441 08:30 \u0434\u043e 16:00</p>", "site": "https://celitel05.ru/", "instagram": "https://www.instagram.com/celitel05/", "instagram_tag": "celitel05", "image": "organizations/poliklinika-zd-32/poliklinika-zd-32.jpg", "panorama": "<iframe src=\"https://yandex.ru/map-widget/v1/-/CGdNNG1-\" width=\"100%\" height=\"650\" allowfullscreen=\"true\"></iframe>", "map": "<iframe src=\"https://yandex.ru/map-widget/v1/?um=constructor%3Ad089d5047f460c32b576c2bcb3721a2cda9376b38da701f781375b8080fcaa17&amp;source=constructor\" width=\"100%\" height=\"650\"></iframe>"}}, {"model": "organization.organization", "pk": 33, "fields": {"public": true, "created": "2019-11-28", "updated": "2019-11-28", "code": "b348250e-7f6a-11e8-ba7d-00155d460a02", "name": "\u041b\u041e\u0420 \u0446\u0435\u043d\u0442\u0440", "namefull": "\u041b\u041e\u0420 \u0446\u0435\u043d\u0442\u0440", "phone_registry": "", "phone_callcenter": "8 928 517-15-15", "city": "\u041c\u0430\u0445\u0430\u0447\u043a\u0430\u043b\u0430", "address": "\u043f\u0440-\u0442 \u0418\u043c\u0430\u043c\u0430 \u0428\u0430\u043c\u0438\u043b\u044f, 4", "operating_mode": "<p>\u043f\u043d-\u0441\u0431 \u2014 \u0441 08:30 \u0434\u043e 18:00</p>", "site": "https://celitel05.ru/", "instagram": "https://www.instagram.com/celitel05/", "instagram_tag": "celitel05", "image": "organizations/lor-tsentr-tseli-33/lor-tsentr-tseli-33.jpg", "panorama": "<iframe src=\"https://yandex.ru/map-widget/v1/-/CGdNJO2k\" width=\"100%\" height=\"650\" allowfullscreen=\"true\"></iframe>", "map": "<iframe src=\"https://yandex.ru/map-widget/v1/?um=constructor%3A21e21bf90a54477b0d6374d72f08698ad1d763491146da1af734e9a5fa7451a7&amp;source=constructor\" width=\"100%\" height=\"650\"></iframe>"}}, {"model": "organization.organization", "pk": 34, "fields": {"public": true, "created": "2019-11-28", "updated": "2019-11-28", "code": "b6f4f3bb-89b8-11e8-ba84-00155d460a02", "name": "\u0414\u0435\u0442\u0441\u043a\u0430\u044f \u043d\u0430 \u0410\u043b\u0438\u0435\u0432\u0430", "namefull": "\u0414\u0435\u0442\u0441\u043a\u0430\u044f \u043d\u0430 \u0410\u043b\u0438\u0435\u0432\u0430", "phone_registry": "", "phone_callcenter": "8 928 517-15-15", "city": "\u041c\u0430\u0445\u0430\u0447\u043a\u0430\u043b\u0430", "address": "\u0443\u043b. \u0410\u0431\u0434\u0443\u043b\u044b \u0410\u043b\u0438\u0435\u0432\u0430, 1\u0410", "operating_mode": "<p>\u043f\u043d-\u0441\u0431 \u2014 \u0441 08:00 \u0434\u043e 21:00</p><p>\u0432\u0441 \u2014 \u0441 09:00 \u0434\u043e 15:00</p>", "site": "https://\u0434\u0435\u0442-\u0446\u0435\u043b\u0438\u0442\u0435\u043b\u044c.\u0440\u0444/", "instagram": "https://www.instagram.com/celitel05/", "instagram_tag": "celitel05", "image": "organizations/detskaia-polikli-34/detskaia-polikli-34.jpg", "panorama": "<iframe src=\"https://yandex.ru/map-widget/v1/-/CGdNF-Jw\" width=\"100%\" height=\"650\" allowfullscreen=\"true\"></iframe>", "map": "<iframe src=\"https://yandex.ru/map-widget/v1/?um=constructor%3A21e21bf90a54477b0d6374d72f08698ad1d763491146da1af734e9a5fa7451a7&amp;source=constructor\" width=\"100%\" height=\"650\" ></iframe>"}}, {"model": "organization.organization", "pk": 35, "fields": {"public": true, "created": "2019-11-28", "updated": "2019-11-28", "code": "bd1d1197-8ce5-11e8-ba8b-00155d460a02", "name": "\u041a\u0430\u0437\u0431\u0435\u043a\u043e\u0432\u0430", "namefull": "\u041a\u0430\u0437\u0431\u0435\u043a\u043e\u0432\u0430", "phone_registry": "", "phone_callcenter": "8 928 517-15-15", "city": "\u041c\u0430\u0445\u0430\u0447\u043a\u0430\u043b\u0430", "address": "\u0443\u043b. \u041c\u0430\u0433\u043e\u043c\u0435\u0434\u0442\u0430\u0433\u0438\u0440\u043e\u0432\u0430, 172\u0412", "operating_mode": "<p>\u043f\u043d-\u043f\u0442 \u2014 \u0441 08:00 \u0434\u043e 18:00</p><p>\u0441\u0431 \u2014 \u0441 08:00 \u0434\u043e 15:00</p>", "site": "https://celitel05.ru/", "instagram": "https://www.instagram.com/celitel05/", "instagram_tag": "celitel05", "image": "organizations/poliklinika-ooo-35/poliklinika-ooo-35.jpg", "panorama": "", "map": "<iframe src=\"https://yandex.ru/map-widget/v1/?um=constructor%3Aa078903dd80d9589176bfc588000629113d17c5659f977ef20c8e748235d3d40&amp;source=constructor\" width=\"100%\" height=\"650\" ></iframe>"}}, {"model": "organization.organization", "pk": 36, "fields": {"public": true, "created": "2019-11-28", "updated": "2019-11-28", "code": "fc78f914-9017-11e8-ba93-00155d460a02", "name": "\u0422\u0438\u043c\u0438\u0440\u044f\u0437\u0435\u0432\u0430", "namefull": "\u0422\u0438\u043c\u0438\u0440\u044f\u0437\u0435\u0432\u0430", "phone_registry": "", "phone_callcenter": "", "city": "\u041c\u0430\u0445\u0430\u0447\u043a\u0430\u043b\u0430", "address": "\u0443\u043b. \u042e. \u0410\u043a\u0430\u0435\u0432\u0430, 2\u0430", "operating_mode": "", "site": "", "instagram": "", "instagram_tag": "", "image": "", "panorama": "", "map": ""}}, {"model": "organization.organization", "pk": 37, "fields": {"public": true, "created": "2019-11-28", "updated": "2019-11-28", "code": "354def39-93d8-11e8-ba94-00155d460a02", "name": "\u041f\u0438\u0440\u043e\u0433\u043e\u0432\u0430 16\u0430", "namefull": "\u041f\u0438\u0440\u043e\u0433\u043e\u0432\u0430 16\u0430", "phone_registry": "", "phone_callcenter": "8 928 517-15-15", "city": "\u041c\u0430\u0445\u0430\u0447\u043a\u0430\u043b\u0430", "address": "\u0443\u043b. \u041f\u0438\u0440\u043e\u0433\u043e\u0432\u0430, 16", "operating_mode": "<p>\u043f\u043d-\u0441\u0431 \u2014 \u0441 08:00 \u0434\u043e 18:00</p>", "site": "https://celitel05.ru/", "instagram": "https://www.instagram.com/celitel05/", "instagram_tag": "celitel05", "image": "organizations/pirogova-16a-37/pirogova-16a-37.jpg", "panorama": "<iframe src=\"https://yandex.ru/map-widget/v1/-/CGdNARIL\" width=\"100%\" height=\"650\" frameborder=\"1\" allowfullscreen=\"true\"></iframe>", "map": "<iframe src=\"https://yandex.ru/map-widget/v1/?um=constructor%3A0b14f8ac65a0d84de5ce60f9db8148bf90dca75f332156772563adb1b32a1d5a&amp;source=constructor\" width=\"100%\" height=\"650\"></iframe>"}}, {"model": "organization.organization", "pk": 38, "fields": {"public": true, "created": "2019-11-28", "updated": "2019-11-28", "code": "c06048ee-93d8-11e8-ba94-00155d460a02", "name": "\u0412\u0437\u0440\u043e\u0441\u043b\u0430\u044f \u0428. \u0410\u043b\u0438\u0435\u0432\u0430", "namefull": "\u0412\u0437\u0440\u043e\u0441\u043b\u0430\u044f \u0428. \u0410\u043b\u0438\u0435\u0432\u0430", "phone_registry": "", "phone_callcenter": "8 928 517-15-15", "city": "\u041c\u0430\u0445\u0430\u0447\u043a\u0430\u043b\u0430", "address": "\u0443\u043b. \u0410\u0431\u0434\u0443\u043b\u044b \u0410\u043b\u0438\u0435\u0432\u0430, 4\u0410", "operating_mode": "<p>\u043f\u043d-\u0441\u0431 \u2014 \u0441 08:00 \u0434\u043e 22:00</p><p>\u0432\u0441 \u2014 \u0441 09:00 \u0434\u043e 22:00</p>", "site": "https://celitel05.ru/", "instagram": "https://www.instagram.com/celitel05/", "instagram_tag": "celitel05", "image": "organizations/poliklinika-ooo-38/poliklinika-ooo-38.jpg", "panorama": "<iframe src=\"https://yandex.ru/map-widget/v1/-/CGdJ7TlV\" width=\"100%\" height=\"400\" allowfullscreen=\"true\"></iframe>", "map": "<iframe src=\"https://yandex.ru/map-widget/v1/?um=constructor%3A84625205884e3135d2e1388a0bb724e68f3f1501455924a4bfb2b8c51821735f&amp;source=constructor\" width=\"100%\" height=\"650\" ></iframe>"}}, {"model": "organization.organization", "pk": 39, "fields": {"public": true, "created": "2019-11-28", "updated": "2019-11-28", "code": "58b5eb9e-93d9-11e8-ba94-00155d460a02", "name": "\u0413\u043e\u0433\u043e\u043b\u044f 24", "namefull": "\u0413\u043e\u0433\u043e\u043b\u044f 24", "phone_registry": "", "phone_callcenter": "8 928 517-15-15", "city": "\u041c\u0430\u0445\u0430\u0447\u043a\u0430\u043b\u0430", "address": "\u0443\u043b. \u0413\u043e\u0433\u043e\u043b\u044f, 24", "operating_mode": "<p>\u043f\u043d-\u0441\u0431 \u2014 \u0441 08:30 \u0434\u043e 18:00<br></p>", "site": "https://celitel05.ru/", "instagram": "https://www.instagram.com/celitel05/", "instagram_tag": "celitel05", "image": "organizations/poliklinika-oo-39/poliklinika-oo-39.jpg", "panorama": "<iframe src=\"https://yandex.ru/map-widget/v1/-/CGdJzUIC\" width=\"100%\" height=\"400\" frameborder=\"1\" allowfullscreen=\"true\"></iframe>", "map": "<iframe src=\"https://yandex.ru/map-widget/v1/?um=constructor%3A84625205884e3135d2e1388a0bb724e68f3f1501455924a4bfb2b8c51821735f&amp;source=constructor\" width=\"100%\" height=\"650\"></iframe>"}}, {"model": "organization.organization", "pk": 40, "fields": {"public": true, "created": "2019-11-28", "updated": "2019-11-28", "code": "a63cf1e2-97de-11e8-ba94-00155d460a02", "name": "\u0410/\u0414", "namefull": "\u0410/\u0414", "phone_registry": "", "phone_callcenter": "8 928 517-15-15", "city": "\u041c\u0430\u0445\u0430\u0447\u043a\u0430\u043b\u0430", "address": "\u043f\u0440-\u0442 \u0410. \u0410\u043a\u0443\u0448\u0438\u043d\u0441\u043a\u043e\u0433\u043e, 34\u0414", "operating_mode": "<p>\u043f\u043d-\u043f\u0442 \u2014 \u0441 08:30 \u0434\u043e 18:00</p><p>\u0441\u0431 \u2014 \u0441 08:30 \u0434\u043e 15:00</p>", "site": "https://\u0434\u0435\u0442-\u0446\u0435\u043b\u0438\u0442\u0435\u043b\u044c.\u0440\u0444/", "instagram": "https://www.instagram.com/celitel05/", "instagram_tag": "celitel05", "image": "organizations/detskaia-polikli-40/detskaia-polikli-40.jpg", "panorama": "<iframe src=\"https://yandex.ru/map-widget/v1/-/CGdJn-5T\" width=\"100%\" height=\"400\" frameborder=\"1\" allowfullscreen=\"true\"></iframe>", "map": "<iframe src=\"https://yandex.ru/map-widget/v1/?um=constructor%3A84625205884e3135d2e1388a0bb724e68f3f1501455924a4bfb2b8c51821735f&amp;source=constructor\" width=\"100%\" height=\"650\"></iframe>"}}, {"model": "organization.organization", "pk": 41, "fields": {"public": true, "created": "2019-11-28", "updated": "2019-11-28", "code": "bb520c36-ab67-11e8-ba99-00155d460a13", "name": "\u041a\u0430\u0441\u043f\u0438\u0439\u0441\u043a", "namefull": "\u041a\u0430\u0441\u043f\u0438\u0439\u0441\u043a", "phone_registry": "", "phone_callcenter": "8 928 517-15-15", "city": "\u041a\u0430\u0441\u043f\u0438\u0439\u0441\u043a", "address": "\u0443\u043b. \u041e\u0440\u0434\u0436\u043e\u043d\u0438\u043a\u0438\u0434\u0437\u0435, 6\u0410", "operating_mode": "<p>\u043f\u043d-\u0441\u0431 \u2014 \u0441 08:00 \u0434\u043e 18:00</p>", "site": "https://celitel05.ru/", "instagram": "https://www.instagram.com/celitel05/", "instagram_tag": "celitel05", "image": "organizations/poliklinika-tse-41/poliklinika-tse-41.jpg", "panorama": "", "map": ""}}, {"model": "organization.organization", "pk": 42, "fields": {"public": false, "created": "2019-11-28", "updated": "2019-11-28", "code": "72843c0c-fd08-11e7-ba9d-94188233b5bd", "name": "\u041a\u0430\u0441\u043f\u0438\u0439 \u0432\u0437\u0440\u043e\u0441\u043b\u0430\u044f", "namefull": "\u041a\u0430\u0441\u043f\u0438\u0439 \u0432\u0437\u0440\u043e\u0441\u043b\u0430\u044f", "phone_registry": "", "phone_callcenter": "", "city": "\u041a\u0430\u0441\u043f\u0438\u0439\u0441\u043a", "address": "\u0443\u043b. \u041e\u0440\u0434\u0436\u043e\u043d\u0438\u043a\u0438\u0434\u0437\u0435 6\u0430", "operating_mode": "", "site": "", "instagram": "", "instagram_tag": "", "image": "", "panorama": "", "map": ""}}, {"model": "organization.organization", "pk": 43, "fields": {"public": false, "created": "2019-11-28", "updated": "2019-11-28", "code": "918accd4-fd08-11e7-ba9d-94188233b5bd", "name": "\u041a\u0430\u0441\u043f\u0438\u0439 \u0434\u0435\u0442\u0441\u043a\u0430\u044f", "namefull": "\u041a\u0430\u0441\u043f\u0438\u0439 \u0434\u0435\u0442\u0441\u043a\u0430\u044f", "phone_registry": "", "phone_callcenter": "", "city": "\u041a\u0430\u0441\u043f\u0438\u0439\u0441\u043a", "address": "\u0443\u043b. \u041e\u0440\u0434\u0436\u043e\u043d\u0438\u043a\u0438\u0434\u0437\u0435 6\u0430", "operating_mode": "", "site": "", "instagram": "", "instagram_tag": "", "image": "", "panorama": "", "map": ""}}, {"model": "organization.organization", "pk": 44, "fields": {"public": true, "created": "2019-11-28", "updated": "2019-11-28", "code": "553b3e88-0344-11e8-ba9f-94188233b5bd", "name": "\u041b\u0430\u0431\u043e\u0440\u0430\u0442\u043e\u0440\u0438\u044f \u041e\u041e\u041e \u0412\u0441\u0435 \u0430\u043d\u0430\u043b\u0438\u0437\u044b", "namefull": "\u041b\u0430\u0431\u043e\u0440\u0430\u0442\u043e\u0440\u0438\u044f \u041e\u041e\u041e \u0412\u0441\u0435 \u0430\u043d\u0430\u043b\u0438\u0437\u044b", "phone_registry": "", "phone_callcenter": "8 928 517-15-15", "city": "\u041c\u0430\u0445\u0430\u0447\u043a\u0430\u043b\u0430", "address": "\u043f\u0440-\u0442 \u041f\u0435\u0442\u0440\u0430 I, 49\u0435", "operating_mode": "", "site": "https://ooovseanalizi.ru/", "instagram": "https://www.instagram.com/celitel05/", "instagram_tag": "celitel05", "image": "organizations/laboratoriia-ooo-44/laboratoriia-ooo-44.jpg", "panorama": "", "map": ""}}, {"model": "organization.organization", "pk": 45, "fields": {"public": false, "created": "2019-11-28", "updated": "2019-11-28", "code": "9097e5b4-005f-11e9-baa1-00155d460a13", "name": "\u0421\u0430\u043b\u0430\u0432\u0430\u0442\u043e\u0432\u0430 \u041c\u0435\u0434\u0441\u0442\u0440\u0430\u0432\u043a\u0438", "namefull": "\u0421\u0430\u043b\u0430\u0432\u0430\u0442\u043e\u0432\u0430 \u041c\u0435\u0434\u0441\u043f\u0440\u0430\u0432\u043a\u0438", "phone_registry": "", "phone_callcenter": "", "city": "\u041c\u0430\u0445\u0430\u0447\u043a\u0430\u043b\u0430", "address": "\u0443\u043b. \u0421\u0430\u043b\u0430\u0432\u0430\u0442\u043e\u0432\u0430, 53", "operating_mode": "", "site": "", "instagram": "", "instagram_tag": "", "image": "", "panorama": "", "map": ""}}, {"model": "organization.organization", "pk": 46, "fields": {"public": true, "created": "2019-11-28", "updated": "2019-11-28", "code": "915cc267-6018-11e9-baa8-00155d460a13", "name": "\u0412\u041d\u0421", "namefull": "\u0412\u041d\u0421", "phone_registry": "", "phone_callcenter": "", "city": "", "address": "", "operating_mode": "", "site": "", "instagram": "", "instagram_tag": "", "image": "", "panorama": "", "map": ""}}, {"model": "organization.organization", "pk": 47, "fields": {"public": true, "created": "2019-11-28", "updated": "2019-11-28", "code": "13193e83-e11c-11e9-babb-00155d46090b", "name": "\u0421\u0442\u0430\u0446\u0438\u043e\u043d\u0430\u0440 \u041e\u041e\u041e \u0426\u0435\u043b\u0438\u0442\u0435\u043b\u044c", "namefull": "\u0421\u0442\u0430\u0446\u0438\u043e\u043d\u0430\u0440 \u041e\u041e\u041e \u0426\u0435\u043b\u0438\u0442\u0435\u043b\u044c", "phone_registry": "", "phone_callcenter": "89285171515", "city": "\u041c\u0430\u0445\u0430\u0447\u043a\u0430\u043b\u0430", "address": "\u043f\u0440-\u0442 \u041f\u0435\u0442\u0440\u0430 I, 47\u0412", "operating_mode": "<p>\u043f\u043d-\u0441\u0431 \u2014 \u0441 08:00 \u0434\u043e 18:00</p>", "site": "https://celitel05.ru/", "instagram": "https://www.instagram.com/celitel05/", "instagram_tag": "celitel05", "image": "organizations/statsionar-ooo-47/statsionar-ooo-47.jpg", "panorama": "https://yandex.ru/map-widget/v1/-/CGd9YW3R", "map": "https://yandex.ru/map-widget/v1/-/CGd9YG7o"}}, {"model": "organization.department", "pk": 1, "fields": {"public": true, "created": "2019-11-28", "updated": "2019-11-28", "codeparent": "-----", "code": "\u041a\u0421-000006", "organization": 43, "name": "\u0414\u0435\u0442\u0441\u043a\u0430\u044f \u043f\u043e\u043b\u0438\u043a\u043b\u0438\u043d\u0438\u043a\u0430 \u0433.\u041c\u0430\u0445\u0430\u0447\u043a\u0430\u043b\u0430, \u043f\u0440.\u041f\u0435\u0442\u0440\u0430 I, 49 \u0415"}}, {"model": "organization.department", "pk": 2, "fields": {"public": true, "created": "2019-11-28", "updated": "2019-11-28", "codeparent": "-----", "code": "\u041a\u0421-000007", "organization": 42, "name": "\u0412\u0437\u0440\u043e\u0441\u043b\u0430\u044f \u043f\u043e\u043b\u0438\u043a\u043b\u0438\u043d\u0438\u043a\u0430 \u0433.\u041c\u0430\u0445\u0430\u0447\u043a\u0430\u043b\u0430, \u043f\u0440.\u041f\u0435\u0442\u0440\u0430 I, 49 \u0415"}}, {"model": "organization.department", "pk": 3, "fields": {"public": true, "created": "2019-11-28", "updated": "2019-11-28", "codeparent": "-----", "code": "\u041a\u0421-000008", "organization": 29, "name": "\u0414\u0435\u0442\u0441\u043a\u0430\u044f \u043f\u043e\u043b\u0438\u043a\u043b\u0438\u043d\u0438\u043a\u0430 \u0433. \u041c\u0430\u0445\u0430\u0447\u043a\u0430\u043b\u0430, \u0443\u043b. \u041b\u044f\u0445\u043e\u0432\u0430 49"}}, {"model": "organization.department", "pk": 4, "fields": {"public": true, "created": "2019-11-28", "updated": "2019-11-28", "codeparent": "-----", "code": "\u041a\u0421-000009", "organization": 30, "name": "\u041f\u043e\u043b\u0438\u043a\u043b\u0438\u043d\u0438\u043a\u0430 \u041e\u041e\u041e \u0426\u0435\u043b\u0438\u0442\u0435\u043b\u044c \u0433. \u0414\u0435\u0440\u0431\u0435\u043d\u0442"}}, {"model": "organization.department", "pk": 5, "fields": {"public": true, "created": "2019-11-28", "updated": "2019-11-28", "codeparent": "-----", "code": "\u041a\u0421-000010", "organization": 31, "name": "\u041f\u043e\u043b\u0438\u043a\u043b\u0438\u043d\u0438\u043a\u0430 \u041e\u041e\u041e \u0414\u043e\u0432\u0435\u0440\u0438\u0435 \u0433. \u041c\u0430\u0445\u0430\u0447\u043a\u0430\u043b\u0430 \u0443\u043b. \u0422\u0430\u0445\u043e-\u0413\u043e\u0434\u0438 54"}}, {"model": "organization.department", "pk": 6, "fields": {"public": true, "created": "2019-11-28", "updated": "2019-11-28", "codeparent": "-----", "code": "\u041a\u0421-000012", "organization": 32, "name": "\u0421\u0442\u0430\u0446\u0438\u043e\u043d\u0430\u0440 \u0417\u0434\u043e\u0440\u043e\u0432\u044b\u0439 \u043c\u0430\u043b\u044b\u0448 \u0443\u043b.\u0427\u0435\u0445\u043e\u0432\u0430 50"}}, {"model": "organization.department", "pk": 7, "fields": {"public": true, "created": "2019-11-28", "updated": "2019-11-28", "codeparent": "-----", "code": "\u041a\u0421-000013", "organization": 33, "name": "\u041f\u043e\u043b\u0438\u043a\u043b\u0438\u043d\u0438\u043a\u0430 \u041e\u041e\u041e \u0426\u0435\u043b\u0438\u0442\u0435\u043b\u044c \u0433. \u041c\u0430\u0445\u0430\u0447\u043a\u0430\u043b\u0430, \u0443\u043b. \u0418\u043c\u0430\u043c\u0430 \u0428\u0430\u043c\u0438\u043b\u044f"}}, {"model": "organization.department", "pk": 8, "fields": {"public": true, "created": "2019-11-28", "updated": "2019-11-28", "codeparent": "-----", "code": "00-000001", "organization": 34, "name": "\u0414\u0435\u0442\u0441\u043a\u0430\u044f \u041f\u043e\u043b\u0438\u043a\u043b\u0438\u043d\u0438\u043a\u0430 \u0433. \u041c\u0430\u0445\u0430\u0447\u043a\u0430\u043b\u0430  \u0443\u043b. \u0428. \u0410\u043b\u0438\u0435\u0432\u0430"}}, {"model": "organization.department", "pk": 9, "fields": {"public": true, "created": "2019-11-28", "updated": "2019-11-28", "codeparent": "00-000001", "code": "00-000002", "organization": 34, "name": "1 \u043a\u043e\u0440\u043f\u0443\u0441"}}, {"model": "organization.department", "pk": 10, "fields": {"public": true, "created": "2019-11-28", "updated": "2019-11-28", "codeparent": "00-000001", "code": "00-000003", "organization": 34, "name": "2 \u043a\u043e\u0440\u043f\u0443\u0441"}}, {"model": "organization.department", "pk": 11, "fields": {"public": true, "created": "2019-11-28", "updated": "2019-11-28", "codeparent": "-----", "code": "00-000004", "organization": 35, "name": "\u041f\u043e\u043b\u0438\u043a\u043b\u0438\u043d\u0438\u043a\u0430 \u041e\u041e\u041e  \u0426\u0435\u043b\u0438\u0442\u0435\u043b\u044c \u043d\u0430 \u041a\u0430\u0437\u0431\u0435\u043a\u043e\u0432\u0430 172"}}, {"model": "organization.department", "pk": 12, "fields": {"public": true, "created": "2019-11-28", "updated": "2019-11-28", "codeparent": "-----", "code": "00-000006", "organization": 36, "name": "\u0414\u0435\u0442\u0441\u043a\u0430\u044f \u043f\u043e\u043b\u0438\u043a\u043b\u0438\u043d\u0438\u043a\u0430 \u0433. \u041c\u0430\u0445\u0430\u0447\u043a\u0430\u043b\u0430, \u0443\u043b. \u0422\u0438\u043c\u0438\u0440\u044f\u0437\u0435\u0432\u0430"}}, {"model": "organization.department", "pk": 13, "fields": {"public": true, "created": "2019-11-28", "updated": "2019-11-28", "codeparent": "-----", "code": "00-000007", "organization": 37, "name": "\u041f\u043e\u043b\u0438\u043a\u043b\u0438\u043d\u0438\u043a\u0430 \u041e\u041e\u041e \u0426\u0435\u043b\u0438\u0442\u0435\u043b\u044c \u0433. \u041c\u0430\u0445\u0430\u0447\u043a\u0430\u043b\u0430, \u0443\u043b. \u041f\u0438\u0440\u043e\u0433\u043e\u0432\u0430 16\u0430"}}, {"model": "organization.department", "pk": 14, "fields": {"public": true, "created": "2019-11-28", "updated": "2019-11-28", "codeparent": "-----", "code": "00-000008", "organization": 38, "name": "\u0412\u0437\u0440\u043e\u0441\u043b\u0430\u044f \u043f\u043e\u043b\u0438\u043a\u043b\u0438\u043d\u0438\u043a\u0430 \u041e\u041e\u041e \u0426\u0435\u043b\u0438\u0442\u0435\u043b\u044c \u0433. \u041c\u0430\u0445\u0430\u0447\u043a\u0430\u043b\u0430, \u0443\u043b. \u0428. \u0410\u043b\u0438\u0435\u0432\u0430 4\u0431"}}, {"model": "organization.department", "pk": 15, "fields": {"public": true, "created": "2019-11-28", "updated": "2019-11-28", "codeparent": "-----", "code": "00-000009", "organization": 39, "name": "\u041f\u043e\u043b\u0438\u043a\u043b\u0438\u043d\u0438\u043a\u0430 \u041e\u041e\u041e \u0426\u0435\u043b\u0438\u0442\u0435\u043b\u044c \u0433. \u041c\u0430\u0445\u0430\u0447\u043a\u0430\u043b\u0430, \u0443\u043b. \u041b\u0435\u0437\u0433\u0438\u043d\u0446\u0435\u0432\u0430 47"}}, {"model": "organization.department", "pk": 16, "fields": {"public": true, "created": "2019-11-28", "updated": "2019-11-28", "codeparent": "-----", "code": "00-000010", "organization": 40, "name": "\u0414\u0435\u0442\u0441\u043a\u0430\u044f \u043f\u043e\u043b\u0438\u043a\u043b\u0438\u043d\u0438\u043a\u0430 \u0433. \u041c\u0430\u0445\u0430\u0447\u043a\u0430\u043b\u0430, \u0443\u043b. \u0410\u043a\u0443\u0448\u0438\u043d\u0441\u043a\u043e\u0433\u043e 34\u0414"}}, {"model": "organization.department", "pk": 17, "fields": {"public": true, "created": "2019-11-28", "updated": "2019-11-28", "codeparent": "-----", "code": "00-000012", "organization": 41, "name": "\u041f\u043e\u043b\u0438\u043a\u043b\u0438\u043d\u0438\u0430 \u041e\u041e\u041e \u0426\u0435\u043b\u0438\u0442\u0435\u043b\u044c \u0433. \u041a\u0430\u0441\u043f\u0438\u0439\u0441\u043a, \u0443\u043b. \u041e\u0440\u0434\u0436\u043e\u043d\u0438\u043a\u0438\u0434\u0437\u0435 6\u0430"}}, {"model": "organization.department", "pk": 18, "fields": {"public": true, "created": "2019-11-28", "updated": "2019-11-28", "codeparent": "\u041a\u0421-000006", "code": "\u041a\u0421-000001", "organization": 43, "name": "2 \u044d\u0442\u0430\u0436 (\u041a\u0430\u0441\u043f\u0438\u0439 \u0434\u0435\u0442\u0441\u043a\u0430\u044f)"}}, {"model": "organization.department", "pk": 19, "fields": {"public": true, "created": "2019-11-28", "updated": "2019-11-28", "codeparent": "\u041a\u0421-000007", "code": "\u041a\u0421-000002", "organization": 42, "name": "3 \u044d\u0442\u0430\u0436 (\u041a\u0430\u0441\u043f\u0438\u0439 \u0432\u0437\u0440\u043e\u0441\u043b\u0430\u044f)"}}, {"model": "organization.department", "pk": 20, "fields": {"public": true, "created": "2019-11-28", "updated": "2019-11-28", "codeparent": "\u041a\u0421-000007", "code": "\u041a\u0421-000003", "organization": 42, "name": "4 \u044d\u0442\u0430\u0436 (\u041a\u0430\u0441\u043f\u0438\u0439 \u0432\u0437\u0440\u043e\u0441\u043b\u0430\u044f)"}}, {"model": "organization.department", "pk": 21, "fields": {"public": true, "created": "2019-11-28", "updated": "2019-11-28", "codeparent": "-----", "code": "\u041a\u0421-000004", "organization": 44, "name": "\u041b\u0430\u0431\u043e\u0440\u0430\u0442\u043e\u0440\u0438\u044f \u0433.\u041c\u0430\u0445\u0430\u0447\u043a\u0430\u043b\u0430, \u043f\u0440.\u041f\u0435\u0442\u0440\u0430 I, 49 \u0415"}}, {"model": "organization.department", "pk": 22, "fields": {"public": true, "created": "2019-11-28", "updated": "2019-11-28", "codeparent": "-----", "code": "\u041a\u0421-000005", "organization": 44, "name": "\u041b\u0430\u0431\u043e\u0440\u0430\u0442\u043e\u0440\u0438\u044f \u0433.\u041c\u0430\u0445\u0430\u0447\u043a\u0430\u043b\u0430 \u0428. \u0410\u043b\u0438\u0435\u0432\u0430 1 \u0410"}}, {"model": "organization.department", "pk": 23, "fields": {"public": true, "created": "2019-11-28", "updated": "2019-11-28", "codeparent": "-----", "code": "00-000013", "organization": 45, "name": "\u0421\u0430\u043b\u0430\u0432\u0430\u0442\u043e\u0432\u0430 \u041c\u0435\u0434\u0441\u043f\u0440\u0430\u0432\u043a\u0438"}}, {"model": "organization.department", "pk": 24, "fields": {"public": true, "created": "2019-11-28", "updated": "2019-11-28", "codeparent": "-----", "code": "00-000014", "organization": 44, "name": "\u0412\u043d\u0435\u0448\u043d\u044f\u044f \u043b\u0430\u0431\u043e\u0440\u0430\u0442\u043e\u0440\u0438\u044f"}}, {"model": "organization.department", "pk": 25, "fields": {"public": true, "created": "2019-11-28", "updated": "2019-11-28", "codeparent": "-----", "code": "00-000021", "organization": 46, "name": "\u0414\u0435\u0442\u0441\u043a\u0430\u044f \u043f\u043e\u043b\u0438\u043a\u043b\u0438\u043d\u0438\u043a\u0430 \u21162"}}, {"model": "organization.department", "pk": 26, "fields": {"public": true, "created": "2019-11-28", "updated": "2019-11-28", "codeparent": "-----", "code": "00-000024", "organization": 46, "name": "\u0414\u0435\u0442\u0441\u043a\u0430\u044f \u043f\u043e\u043b\u0438\u043a\u043b\u0438\u043d\u0438\u043a\u0430 \u21161"}}, {"model": "organization.department", "pk": 27, "fields": {"public": true, "created": "2019-11-28", "updated": "2019-11-28", "codeparent": "-----", "code": "00-000025", "organization": 46, "name": "\u0414\u0435\u0442\u0441\u043a\u0430\u044f \u043f\u043e\u043b\u0438\u043a\u043b\u0438\u043d\u0438\u043a\u0430 \u21165"}}, {"model": "organization.department", "pk": 28, "fields": {"public": true, "created": "2019-11-28", "updated": "2019-11-28", "codeparent": "-----", "code": "00-000026", "organization": 46, "name": "\u0414\u0435\u0442\u0441\u043a\u0430\u044f \u043f\u043e\u043b\u0438\u043a\u043b\u0438\u043d\u0438\u043a\u0430 \u21163"}}, {"model": "organization.department", "pk": 29, "fields": {"public": true, "created": "2019-11-28", "updated": "2019-11-28", "codeparent": "-----", "code": "00-000028", "organization": 46, "name": "\u041f\u043e\u043b\u0438\u043a\u043b\u0438\u043d\u0438\u043a\u0430 \u21166"}}, {"model": "organization.department", "pk": 30, "fields": {"public": true, "created": "2019-11-28", "updated": "2019-11-28", "codeparent": "-----", "code": "00-000029", "organization": 46, "name": "\u041f\u043e\u043b\u0438\u043a\u043b\u0438\u043d\u0438\u043a\u0430 \u21161"}}, {"model": "organization.department", "pk": 31, "fields": {"public": true, "created": "2019-11-28", "updated": "2019-11-28", "codeparent": "-----", "code": "00-000030", "organization": 46, "name": "\u041f\u043e\u043b\u0438\u043a\u043b\u0438\u043d\u0438\u043a\u0430 \u21169"}}, {"model": "organization.department", "pk": 32, "fields": {"public": true, "created": "2019-11-28", "updated": "2019-11-28", "codeparent": "-----", "code": "00-000031", "organization": 46, "name": "\u041f\u043e\u043b\u0438\u043a\u043b\u0438\u043d\u0438\u043a\u0430 \u21163"}}, {"model": "organization.department", "pk": 33, "fields": {"public": true, "created": "2019-11-28", "updated": "2019-11-28", "codeparent": "-----", "code": "00-000032", "organization": 46, "name": "\u041f\u043e\u043b\u0438\u043a\u043b\u0438\u043d\u0438\u043a\u0430 \u21162"}}, {"model": "organization.department", "pk": 34, "fields": {"public": true, "created": "2019-11-28", "updated": "2019-11-28", "codeparent": "-----", "code": "00-000033", "organization": 46, "name": "\u041f\u043e\u043b\u0438\u043a\u043b\u0438\u043d\u0438\u043a\u0430 \u21164"}}, {"model": "organization.department", "pk": 35, "fields": {"public": true, "created": "2019-11-28", "updated": "2019-11-28", "codeparent": "-----", "code": "00-000038", "organization": 46, "name": "\u041f\u043e\u043b\u0438\u043a\u043b\u0438\u043d\u0438\u043a\u0430 \u21165"}}, {"model": "organization.department", "pk": 36, "fields": {"public": true, "created": "2019-11-28", "updated": "2019-11-28", "codeparent": "-----", "code": "00-000039", "organization": 46, "name": "\u041f\u043e\u043b\u0438\u043a\u043b\u0438\u043d\u0438\u043a\u0430 \u21168"}}, {"model": "organization.department", "pk": 37, "fields": {"public": true, "created": "2019-11-28", "updated": "2019-11-28", "codeparent": "-----", "code": "00-000041", "organization": 46, "name": "\u0416\u0435\u043d\u0441\u043a\u0430\u044f \u043a\u043e\u043d\u0441\u0443\u043b\u044c\u0442\u0430\u0446\u0438\u044f \u21162"}}, {"model": "organization.department", "pk": 38, "fields": {"public": true, "created": "2019-11-28", "updated": "2019-11-28", "codeparent": "-----", "code": "00-000042", "organization": 46, "name": "\u0413\u0411\u0423 \u0420\u0414 \u0420\u0435\u0441\u043f\u0443\u0431\u043b\u0438\u043a\u0430\u043d\u0441\u043a\u0430\u044f \u041a\u043b\u0438\u043d\u0438\u0447\u0435\u0441\u043a\u0430\u044f \u0411\u043e\u043b\u044c\u043d\u0438\u0446\u0430"}}, {"model": "organization.department", "pk": 39, "fields": {"public": true, "created": "2019-11-28", "updated": "2019-11-28", "codeparent": "-----", "code": "00-000059", "organization": 46, "name": "\u0412\u041d\u0421"}}, {"model": "organization.department", "pk": 40, "fields": {"public": true, "created": "2019-11-28", "updated": "2019-11-28", "codeparent": "-----", "code": "00-000060", "organization": 46, "name": "\u0413\u043e\u0440\u043e\u0434\u0441\u043a\u0430\u044f \u0434\u0435\u0442\u0441\u043a\u0430\u044f \u043f\u043e\u043b\u0438\u043a\u043b\u0438\u043d\u0438\u043a\u0430 (\u0444\u0438\u043b\u0438\u0430\u043b) \u0414\u0435\u0440\u0431\u0435\u043d\u0442"}}, {"model": "organization.department", "pk": 41, "fields": {"public": true, "created": "2019-11-28", "updated": "2019-11-28", "codeparent": "-----", "code": "00-000061", "organization": 46, "name": "\u0426\u0435\u043d\u0442\u0440\u0430\u043b\u044c\u043d\u0430\u044f \u0434\u0435\u0442\u0441\u043a\u0430\u044f \u043f\u043e\u043b\u0438\u043a\u043b\u0438\u043d\u0438\u043a\u0430 (\u0414\u0435\u0440\u0431\u0435\u043d\u0442)"}}, {"model": "organization.department", "pk": 42, "fields": {"public": true, "created": "2019-11-28", "updated": "2019-11-28", "codeparent": "-----", "code": "00-000062", "organization": 46, "name": "\u0413\u0411\u0423 \u0420\u0414 \u0414\u0435\u0440\u0431\u0435\u043d\u0442\u0441\u043a\u0430\u044f \u0426\u0413\u0411 \u0416\u0435\u043d\u0441\u043a\u0430\u044f \u043a\u043e\u043d\u0441\u0443\u043b\u044c\u0442\u0430\u0446\u0438\u044f"}}, {"model": "organization.department", "pk": 43, "fields": {"public": true, "created": "2019-11-28", "updated": "2019-11-28", "codeparent": "-----", "code": "00-000063", "organization": 46, "name": "\u0414\u0435\u0440\u0431\u0435\u043d\u0442\u0441\u043a\u0430\u044f \u0426\u0413\u041f \u21161"}}, {"model": "organization.department", "pk": 44, "fields": {"public": true, "created": "2019-11-28", "updated": "2019-11-28", "codeparent": "-----", "code": "00-000064", "organization": 46, "name": "\u0414\u0435\u0440\u0431\u0435\u043d\u0442\u0441\u043a\u0438\u0439 \u043c\u0435\u0436\u0440\u0430\u0439\u043e\u043d\u043d\u044b\u0439 \u043a\u043e\u0436-\u0432\u0435\u043d \u0434\u0438\u0441\u043f\u0430\u043d\u0441\u0435\u0440"}}, {"model": "organization.department", "pk": 45, "fields": {"public": true, "created": "2019-11-28", "updated": "2019-11-28", "codeparent": "-----", "code": "00-000065", "organization": 46, "name": "\u0414\u0435\u0440\u0431\u0435\u043d\u0442\u0441\u043a\u0430\u044f \u0426\u0413\u041f \u21164"}}, {"model": "organization.department", "pk": 46, "fields": {"public": true, "created": "2019-11-28", "updated": "2019-11-28", "codeparent": "-----", "code": "00-000066", "organization": 46, "name": "\u0418\u0437\u0431\u0435\u0440\u0431\u0430\u0448\u0441\u043a\u0430\u044f \u0433\u043e\u0440\u043e\u0434\u0441\u043a\u0430\u044f \u043f\u043e\u043b\u0438\u043a\u043b\u0438\u043d\u0438\u043a\u0430"}}, {"model": "organization.department", "pk": 47, "fields": {"public": true, "created": "2019-11-28", "updated": "2019-11-28", "codeparent": "-----", "code": "00-000067", "organization": 46, "name": "\u041c\u0435\u0436\u0440\u0430\u0439\u043e\u043d\u043d\u044b\u0439 \u0434\u0438\u0430\u0433\u043d\u043e\u0441\u0442\u0438\u0447\u0435\u0441\u043a\u0438\u0439 \u0446\u0435\u043d\u0442\u0440 (\u0418\u0437\u0431\u0435\u0440\u0431\u0430\u0448)"}}, {"model": "organization.department", "pk": 48, "fields": {"public": true, "created": "2019-11-28", "updated": "2019-11-28", "codeparent": "-----", "code": "00-000070", "organization": 46, "name": "\u0416\u0435\u043d\u0441\u043a\u0430\u044f \u043a\u043e\u043d\u0441\u0443\u043b\u044c\u0442\u0430\u0446\u0438\u044f \u21163"}}, {"model": "organization.department", "pk": 49, "fields": {"public": true, "created": "2019-11-28", "updated": "2019-11-28", "codeparent": "-----", "code": "00-000072", "organization": 46, "name": "\u041f\u043e\u043b\u0438\u043a\u043b\u0438\u043d\u0438\u043a\u0430 \u21167"}}, {"model": "organization.department", "pk": 50, "fields": {"public": true, "created": "2019-11-28", "updated": "2019-11-28", "codeparent": "-----", "code": "00-000073", "organization": 46, "name": "\u0414\u0435\u0442\u0441\u043a\u0430\u044f \u043f\u043e\u043b\u0438\u043a\u043b\u0438\u043d\u0438\u043a\u0430 \u21163(\u0444\u0438\u043b\u0438\u0430\u043b)"}}, {"model": "organization.department", "pk": 51, "fields": {"public": true, "created": "2019-11-28", "updated": "2019-11-28", "codeparent": "-----", "code": "00-000074", "organization": 46, "name": "\u0412\u044b\u0441\u043e\u043a\u0438\u0435 \u0442\u0435\u0445\u043d\u043e\u043b\u043e\u0433\u0438\u0438"}}, {"model": "organization.department", "pk": 52, "fields": {"public": true, "created": "2019-11-28", "updated": "2019-11-28", "codeparent": "-----", "code": "00-000075", "organization": 46, "name": "\u041a\u043e\u0436\u043d\u043e-\u0432\u0435\u043d\u0435\u0440\u043e\u043b\u043e\u0433\u0438\u0447\u0435\u0441\u043a\u0438\u0439 \u0434\u0438\u0441\u043f\u0430\u043d\u0441\u0435\u0440"}}, {"model": "organization.department", "pk": 53, "fields": {"public": true, "created": "2019-11-28", "updated": "2019-11-28", "codeparent": "-----", "code": "00-000076", "organization": 46, "name": "\u0416\u0435\u043d\u0441\u043a\u0430\u044f \u043a\u043e\u043d\u0441\u0443\u043b\u044c\u0442\u0430\u0446\u0438\u044f \u21161"}}, {"model": "organization.department", "pk": 54, "fields": {"public": true, "created": "2019-11-28", "updated": "2019-11-28", "codeparent": "-----", "code": "00-000077", "organization": 46, "name": "\u0416\u0435\u043d\u0441\u043a\u0430\u044f \u043a\u043e\u043d\u0441\u0443\u043b\u044c\u0442\u0430\u0446\u0438\u044f \u21164"}}, {"model": "organization.department", "pk": 55, "fields": {"public": true, "created": "2019-11-28", "updated": "2019-11-28", "codeparent": "-----", "code": "00-000078", "organization": 46, "name": "\u041e\u0442\u0434\u0435\u043b\u0435\u043d\u0447\u0435\u0441\u043a\u0430\u044f \u043a\u043b\u0438\u043d\u0438\u0447\u0435\u0441\u043a\u0430\u044f \u0431\u043e\u043b\u044c\u043d\u0438\u0446\u0430 (\u0420\u0416\u0414)"}}, {"model": "organization.department", "pk": 56, "fields": {"public": true, "created": "2019-11-28", "updated": "2019-11-28", "codeparent": "-----", "code": "00-000079", "organization": 46, "name": "\u041c\u0430\u0445\u0430\u0447\u043a\u0430\u043b\u0438\u043d\u0441\u043a\u0430\u044f \u043a\u043b\u0438\u043d\u0438\u0447\u0435\u0441\u043a\u0430\u044f \u0431\u043e\u043b\u044c\u043d\u0438\u0446\u0430 (\u041f\u043e\u0440\u0442\u043e\u0432\u0441\u043a\u0430\u044f)"}}, {"model": "organization.department", "pk": 57, "fields": {"public": true, "created": "2019-11-28", "updated": "2019-11-28", "codeparent": "-----", "code": "00-000080", "organization": 46, "name": "\u041a\u043e\u0436\u043d\u043e-\u0432\u0435\u043d\u0435\u0440\u043e\u043b\u043e\u0433\u0438\u0447\u0435\u0441\u043a\u0430\u044f \u0431\u043e\u043b\u044c\u043d\u0438\u0446\u0430"}}, {"model": "organization.department", "pk": 58, "fields": {"public": true, "created": "2019-11-28", "updated": "2019-11-28", "codeparent": "-----", "code": "00-000081", "organization": 46, "name": "\u0414\u0438\u0430\u0433\u043d\u043e\u0441\u0442\u0438\u0447\u0435\u0441\u043a\u0438\u0439 \u0446\u0435\u043d\u0442\u0440"}}, {"model": "organization.department", "pk": 59, "fields": {"public": true, "created": "2019-11-28", "updated": "2019-11-28", "codeparent": "-----", "code": "00-000082", "organization": 46, "name": "\u041a\u0430\u0440\u0430\u0431\u0443\u0434\u0430\u0445\u043a\u0435\u043d\u0442\u0441\u043a\u0430\u044f \u0440\u0430\u0439\u043e\u043d\u043d\u0430\u044f \u043f\u043e\u043b\u0438\u043a\u043b\u0438\u043d\u0438\u043a\u0430"}}, {"model": "organization.department", "pk": 60, "fields": {"public": true, "created": "2019-11-28", "updated": "2019-11-28", "codeparent": "-----", "code": "00-000083", "organization": 46, "name": "\u0421\u0435\u0440\u0433\u043e\u043a\u0430\u043b\u0438\u043d\u0441\u043a\u0430\u044f \u0440\u0430\u0439\u043e\u043d\u043d\u0430\u044f \u043f\u043e\u043b\u0438\u043a\u043b\u0438\u043d\u0438\u043a\u0430"}}, {"model": "organization.department", "pk": 61, "fields": {"public": true, "created": "2019-11-28", "updated": "2019-11-28", "codeparent": "-----", "code": "00-000084", "organization": 46, "name": "\u0426\u0435\u043d\u0442\u0440\u0430\u043b\u044c\u043d\u0430\u044f \u0440\u0430\u0439\u043e\u043d\u043d\u0430\u044f \u043f\u043e\u043b\u0438\u043a\u043b\u0438\u043d\u0438\u043a\u0430 (\u0414\u0435\u0440\u0431\u0435\u043d\u0442)"}}, {"model": "organization.department", "pk": 62, "fields": {"public": true, "created": "2019-11-28", "updated": "2019-11-28", "codeparent": "-----", "code": "00-000085", "organization": 46, "name": "\u0414\u0435\u0440\u0431\u0435\u043d\u0442\u0441\u043a\u0430\u044f \u0426\u0413\u041f \u21163"}}, {"model": "organization.department", "pk": 63, "fields": {"public": true, "created": "2019-11-28", "updated": "2019-11-28", "codeparent": "-----", "code": "00-000086", "organization": 46, "name": "\u041c\u0426  \u0417\u0434\u043e\u0440\u043e\u0432\u044c\u0435"}}, {"model": "organization.department", "pk": 64, "fields": {"public": true, "created": "2019-11-28", "updated": "2019-11-28", "codeparent": "-----", "code": "00-000087", "organization": 46, "name": "\u0414\u0435\u0440\u0431\u0435\u043d\u0442\u0441\u043a\u0430\u044f \u0426\u0413\u041f \u21165"}}, {"model": "organization.department", "pk": 65, "fields": {"public": true, "created": "2019-11-28", "updated": "2019-11-28", "codeparent": "-----", "code": "00-000088", "organization": 46, "name": "\u0426\u0435\u043d\u0442\u0440\u0430\u043b\u044c\u043d\u0430\u044f \u0440\u0430\u0439\u043e\u043d\u043d\u0430\u044f \u043f\u043e\u043b\u0438\u043a\u043b\u0438\u043d\u0438\u043a\u0430 (\u0411\u0443\u0439\u043d\u0430\u043a\u0441\u043a)"}}, {"model": "organization.department", "pk": 66, "fields": {"public": true, "created": "2019-11-28", "updated": "2019-11-28", "codeparent": "-----", "code": "00-000089", "organization": 46, "name": "\u0413\u043e\u0440\u043e\u0434\u0441\u043a\u0430\u044f \u043f\u043e\u043b\u0438\u043a\u043b\u0438\u043d\u0438\u043a\u0430 (\u0411\u0443\u0439\u043d\u0430\u043a\u0441\u043a)"}}, {"model": "organization.department", "pk": 67, "fields": {"public": true, "created": "2019-11-28", "updated": "2019-11-28", "codeparent": "-----", "code": "00-000090", "organization": 47, "name": "\u0421\u0442\u0430\u0446\u0438\u043e\u043d\u0430\u0440 \u041e\u041e\u041e \u0426\u0435\u043b\u0438\u0442\u0435\u043b\u044c"}}, {"model": "organization.department", "pk": 68, "fields": {"public": true, "created": "2019-11-28", "updated": "2019-11-28", "codeparent": "-----", "code": "00-000093", "organization": 30, "name": "\u0410\u0433\u0443\u043b\u044c\u0441\u043a\u0430\u044f \u0446\u0435\u043d\u0442\u0440\u0430\u043b\u044c\u043d\u0430\u044f \u0431\u043e\u043b\u044c\u043d\u0438\u0446\u0430"}}, {"model": "organization.agreement", "pk": 2, "fields": {"public": true, "created": "2019-12-08", "updated": "2019-12-08", "code": "d3c0e6ce-84d1-11e8-ba7d-00155d460a02", "price_type": null, "organization": 30, "name": "\u041f\u043b\u0430\u0442\u043d\u044b\u0435 \u0443\u0441\u043b\u0443\u0433\u0438 \u041e\u041e\u041e \u0426\u0435\u043b\u0438\u0442\u0435\u043b\u044c \u0433. \u0414\u0435\u0440\u0431\u0435\u043d\u0442"}}, {"model": "organization.agreement", "pk": 3, "fields": {"public": true, "created": "2019-12-08", "updated": "2019-12-08", "code": "67e2a4c8-85a4-11e8-ba7d-00155d460a02", "price_type": null, "organization": 33, "name": "\u041f\u043b\u0430\u0442\u043d\u044b\u0435 \u0443\u0441\u043b\u0443\u0433\u0438 \u041e\u041e\u041e \u0426\u0435\u043b\u0438\u0442\u0435\u043b\u044c  \u043d\u0430 \u043f\u0440-\u0442 \u0418\u043c\u0430\u043c\u0430 \u0428\u0430\u043c\u0438\u043b\u044f 4"}}, {"model": "organization.agreement", "pk": 4, "fields": {"public": true, "created": "2019-12-08", "updated": "2019-12-08", "code": "c4d93727-89b9-11e8-ba84-00155d460a02", "price_type": null, "organization": 34, "name": "\u041e\u041e\u041e \u0414\u0435\u0442\u0441\u043a\u0430\u044f \u041f\u043e\u043b\u0438\u043a\u043b\u0438\u043d\u0438\u043a\u0430 \u00ab\u0426\u0435\u043b\u0438\u0442\u0435\u043b\u044c\u00bb \u0443\u043b. \u0428. \u0410\u043b\u0438\u0435\u0432\u0430 1\u0430"}}, {"model": "organization.agreement", "pk": 5, "fields": {"public": true, "created": "2019-12-08", "updated": "2019-12-08", "code": "d3831412-8c26-11e8-ba8a-00155d460a02", "price_type": null, "organization": 31, "name": "\u041f\u043b\u0430\u0442\u043d\u044b\u0435 \u0443\u0441\u043b\u0443\u0433\u0438 \u041e\u041e\u041e \u0414\u043e\u0432\u0435\u0440\u0438\u0435 \u0443\u043b. \u0422\u0430\u0445\u043e-\u0413\u043e\u0434\u0438 54"}}, {"model": "organization.agreement", "pk": 6, "fields": {"public": true, "created": "2019-12-08", "updated": "2019-12-08", "code": "c0e5c015-8f0f-11e8-ba93-00155d460a02", "price_type": null, "organization": 35, "name": "\u041f\u043b\u0430\u0442\u043d\u044b\u0435 \u0443\u0441\u043b\u0443\u0433\u0438 \u041e\u041e\u041e \u0426\u0435\u043b\u0438\u0442\u0435\u043b\u044c \u0443\u043b. \u041a\u0430\u0437\u0431\u0435\u043a\u043e\u0432\u0430 172"}}, {"model": "organization.agreement", "pk": 7, "fields": {"public": true, "created": "2019-12-08", "updated": "2019-12-08", "code": "93ded0f3-93e9-11e8-ba94-00155d460a02", "price_type": null, "organization": 37, "name": "\u041f\u043b\u0430\u0442\u043d\u044b\u0435 \u0443\u0441\u043b\u0443\u0433\u0438 \u041e\u041e\u041e \u0426\u0435\u043b\u0438\u0442\u0435\u043b\u044c \u0443\u043b. \u041f\u0438\u0440\u043e\u0433\u043e\u0432\u0430 16\u0430"}}, {"model": "organization.agreement", "pk": 8, "fields": {"public": true, "created": "2019-12-08", "updated": "2019-12-08", "code": "306ca21e-949e-11e8-ba94-00155d460a02", "price_type": null, "organization": 36, "name": "\u041f\u043b\u0430\u0442\u043d\u044b\u0435 \u0443\u0441\u043b\u0443\u0433\u0438 \u041e\u041e\u041e \u0426\u0435\u043b\u0438\u0442\u0435\u043b\u044c \u0443\u043b. \u042e.\u0410\u043a\u0430\u0435\u0432\u0430 2\u0410"}}, {"model": "organization.agreement", "pk": 9, "fields": {"public": true, "created": "2019-12-08", "updated": "2019-12-08", "code": "f5ea20a6-9618-11e8-ba94-00155d460a02", "price_type": null, "organization": 29, "name": "\u041e\u041e\u041e \u0414\u0435\u0442\u0441\u043a\u0430\u044f \u043f\u043e\u043b\u0438\u043a\u043b\u0438\u043d\u0438\u043a\u0430 \u0426\u0435\u043b\u0438\u0442\u0435\u043b\u044c \u0443\u043b. \u041b\u044f\u0445\u043e\u0432\u0430 49"}}, {"model": "organization.agreement", "pk": 10, "fields": {"public": true, "created": "2019-12-08", "updated": "2019-12-08", "code": "2b9a63eb-9b04-11e8-ba94-00155d460a02", "price_type": null, "organization": 40, "name": "\u041f\u043b\u0430\u0442\u043d\u044b\u0435 \u0443\u0441\u043b\u0443\u0433\u0438 \u041e\u041e\u041e \u0426\u0435\u043b\u0438\u0442\u0435\u043b\u044c \u0433. \u041c\u0430\u0445\u0430\u0447\u043a\u0430\u043b\u0430, \u0443\u043b. \u0410\u043a\u0443\u0448\u0438\u043d\u0441\u043a\u043e\u0433\u043e 34\u0434"}}, {"model": "organization.agreement", "pk": 11, "fields": {"public": true, "created": "2019-12-08", "updated": "2019-12-08", "code": "c09b0b9e-9d4b-11e8-ba94-00155d460a02", "price_type": null, "organization": 38, "name": "\u041f\u043b\u0430\u0442\u043d\u044b\u0435 \u0443\u0441\u043b\u0443\u0433\u0438 \u0412\u0437\u0440\u043e\u0441\u043b\u0430\u044f \u043f\u043e\u043b\u0438\u043a\u043b\u0438\u043d\u0438\u043a\u0430 \u0426\u0435\u043b\u0438\u0442\u0435\u043b\u044c \u0433. \u041c\u0430\u0445\u0430\u0447\u043a\u0430\u043b\u0430, \u0443\u043b. \u0428. \u0410\u043b\u0438\u0435\u0432\u0430 4\u0431"}}, {"model": "organization.agreement", "pk": 12, "fields": {"public": true, "created": "2019-12-08", "updated": "2019-12-08", "code": "19e0b82f-a152-11e8-ba96-00155d460a13", "price_type": null, "organization": 39, "name": "\u041f\u043b\u0430\u0442\u043d\u044b\u0435 \u0443\u0441\u043b\u0443\u0433\u0438 \u041e\u041e\u041e \u0426\u0435\u043b\u0438\u0442\u0435\u043b\u044c \u0433. \u041c\u0430\u0445\u0430\u0447\u043a\u0430\u043b\u0430, \u0443\u043b. \u0413\u043e\u0433\u043e\u043b\u044f 24"}}, {"model": "organization.agreement", "pk": 13, "fields": {"public": true, "created": "2019-12-08", "updated": "2019-12-08", "code": "de5de2a6-ab67-11e8-ba99-00155d460a13", "price_type": null, "organization": 41, "name": "\u041f\u043b\u0430\u0442\u043d\u044b\u0435 \u0443\u0441\u043b\u0443\u0433\u0438 \u041e\u041e\u041e \u0426\u0435\u043b\u0438\u0442\u0435\u043b\u044c \u0433. \u041a\u0430\u0441\u043f\u0438\u0439\u0441\u043a"}}, {"model": "organization.agreement", "pk": 14, "fields": {"public": true, "created": "2019-12-08", "updated": "2019-12-08", "code": "95116434-058b-11e8-ba9f-94188233b5bd", "price_type": null, "organization": 43, "name": "\u041f\u043b\u0430\u0442\u043d\u044b\u0435 \u0443\u0441\u043b\u0443\u0433\u0438 \u041e\u041e\u041e \u0414\u0435\u0442\u0441\u043a\u0430\u044f \u041f\u043e\u043b\u0438\u043a\u043b\u0438\u043d\u0438\u043a\u0430 \u00ab\u0426\u0435\u043b\u0438\u0442\u0435\u043b\u044c\u00bb \u0443\u043b. \u041d\u0430\u0441\u0440\u0443\u0434\u0438\u043d\u043e\u0432\u0430 49\u0415"}}, {"model": "organization.agreement", "pk": 15, "fields": {"public": true, "created": "2019-12-08", "updated": "2019-12-08", "code": "55959c40-1d40-11e8-baa1-94188233b5bd", "price_type": null, "organization": 42, "name": "\u041f\u043b\u0430\u0442\u043d\u044b\u0435 \u0443\u0441\u043b\u0443\u0433\u0438 \u041e\u041e\u041e \u0412\u0437\u0440\u043e\u0441\u043b\u0430\u044f \u043f\u043e\u043b\u0438\u043a\u043b\u0438\u043d\u0438\u043a\u0430 \u0426\u0435\u043b\u0438\u0442\u0435\u043b\u044c \u0443\u043b. \u041d\u0430\u0441\u0440\u0443\u0434\u0438\u043d\u043e\u0432\u0430 49\u0435"}}, {"model": "organization.agreement", "pk": 18, "fields": {"public": true, "created": "2019-12-14", "updated": "2019-12-14", "code": "4584209a-8450-11e8-ba7d-00155d460a02", "price_type": null, "organization": 32, "name": "\u041f\u043b\u0430\u0442\u043d\u044b\u0435 \u0443\u0441\u043b\u0443\u0433\u0438 \u041e\u041e\u041e \u0417\u0434\u043e\u0440\u043e\u0432\u044b\u0439 \u043c\u0430\u043b\u044b\u0448 - \u0426\u0435\u043b\u0438\u0442\u0435\u043b\u044c \u0443\u043b. \u0427\u0435\u0445\u043e\u0432\u0430 50"}}, {"model": "organization.agreement", "pk": 19, "fields": {"public": true, "created": "2019-12-14", "updated": "2019-12-14", "code": "d95499a9-005f-11e9-baa1-00155d460a13", "price_type": null, "organization": 45, "name": "\u041f\u043b\u0430\u0442\u043d\u044b\u0435 \u0443\u0441\u043b\u0443\u0433\u0438 \u041e\u041e\u041e\u0426\u0435\u043b\u0438\u0442\u0435\u043b\u044c \u0421\u0430\u043b\u0430\u0432\u0430\u0442\u043e\u0432\u0430  53"}}, {"model": "organization.agreement", "pk": 20, "fields": {"public": true, "created": "2019-12-14", "updated": "2019-12-14", "code": "74eb6de1-1a38-11e9-baa3-00155d460a13", "price_type": null, "organization": 30, "name": "\u041d\u043e\u0432\u0430\u044f \u0446\u0435\u043d\u0430 \u0414\u0435\u0440\u0431\u0435\u043d\u0442"}}, {"model": "organization.agreement", "pk": 21, "fields": {"public": true, "created": "2019-12-14", "updated": "2019-12-14", "code": "1dc67e01-e11e-11e9-babb-00155d46090b", "price_type": null, "organization": 47, "name": "\u0421\u0442\u0430\u0446\u0438\u043e\u043d\u0430\u0440 \u041e\u041e\u041e \u0426\u0435\u043b\u0438\u0442\u0435\u043b\u044c"}}]